-- phpMyAdmin SQL Dump
-- version 5.2.1
-- https://www.phpmyadmin.net/
--
-- Хост: 127.0.0.1:3306
-- Час створення: Трв 12 2024 р., 17:09
-- Версія сервера: 8.2.0
-- Версія PHP: 8.2.13

SET SQL_MODE = "NO_AUTO_VALUE_ON_ZERO";
START TRANSACTION;
SET time_zone = "+00:00";


/*!40101 SET @OLD_CHARACTER_SET_CLIENT=@@CHARACTER_SET_CLIENT */;
/*!40101 SET @OLD_CHARACTER_SET_RESULTS=@@CHARACTER_SET_RESULTS */;
/*!40101 SET @OLD_COLLATION_CONNECTION=@@COLLATION_CONNECTION */;
/*!40101 SET NAMES utf8mb4 */;

--
-- База даних: `kpz_db`
--

-- --------------------------------------------------------

--
-- Структура таблиці `categories`
--

DROP TABLE IF EXISTS `categories`;
CREATE TABLE IF NOT EXISTS `categories` (
  `id` int NOT NULL AUTO_INCREMENT,
  `title` text NOT NULL,
  PRIMARY KEY (`id`)
) ENGINE=MyISAM AUTO_INCREMENT=5 DEFAULT CHARSET=utf8mb4 COLLATE=utf8mb4_0900_ai_ci;

--
-- Дамп даних таблиці `categories`
--

INSERT INTO `categories` (`id`, `title`) VALUES
(1, 'Прикраси'),
(2, 'Значки'),
(3, 'Крафтові вина'),
(4, 'Іграшки');

-- --------------------------------------------------------

--
-- Структура таблиці `goods`
--

DROP TABLE IF EXISTS `goods`;
CREATE TABLE IF NOT EXISTS `goods` (
  `id` int NOT NULL AUTO_INCREMENT,
  `title` text NOT NULL,
  `price` int NOT NULL,
  `info` text NOT NULL,
  `photo` text NOT NULL,
  `data_creation` datetime NOT NULL,
  `id_categories` int NOT NULL,
  PRIMARY KEY (`id`)
) ENGINE=MyISAM AUTO_INCREMENT=56 DEFAULT CHARSET=utf8mb4 COLLATE=utf8mb4_0900_ai_ci;

--
-- Дамп даних таблиці `goods`
--

INSERT INTO `goods` (`id`, `title`, `price`, `info`, `photo`, `data_creation`, `id_categories`) VALUES
(1, 'Сережки Герб України', 2090, 'Сережки жіночі, метал: золото, колір металу: червоний, проба: 585, тип виробу: цвяшки', 'Earrings Emblem of Ukraine.jpg', '2023-12-14 21:13:30', 1),
(2, 'Браслет Україна', 820, 'Браслет жіночий, метал: срібло, проба: 925, розмір: 16см', 'Bracelet Ukraine.jpg', '2023-12-14 21:13:30', 1),
(3, 'Петіо 1854, Vintage 2021', 300, 'Вино ягідне натуральне сухе червоне «ПЕТІО 1854». Купаж виноматеріалу з вишні та чорної смородини, сухе, міцність 13, врожай 2021, витримка 2 роки, без використання сірки', 'Petio 1854.jpg', '2023-12-14 21:13:30', 3),
(4, 'Сухе біле «Коні винні»', 297, '«Коні Винні» — це лінійка натуральних білих вин, основою для яких є яблучний та грушевий сік прямого віджиму, зброджений насухо». Прототипом для назви слугувала назва повісті Михайла Коцюбинського «Коні не винні». Cухе, міцність 12, врожай 2022, без використання сірки', 'Horses are to blame Grapes.jpg', '2023-12-14 21:27:51', 3),
(5, 'Червоно-чорне, Vintage 2021', 300, 'Вино ягідне натуральне напівсолодке червоне «ЧЕРВОНО-ЧОРНЕ». Купаж виноматеріалу з вишні та чорної смородини, вміст цукрів 3,2%, міцність 13,5, врожай 2020, витримка 2 роки, без використання сірки', 'Red and black, Vintage 2021.jpg', '2023-12-14 22:03:35', 3),
(6, 'Напівсухе біле «Коні винні Горобина»', 320, 'Вино фруктове натуральне купажоване напівсухе біле «Коні винні Горобина». Купаж виноматеріалів з яблук, груш та червоної горобини, напівсухе, цукри 22 г/дм3, міцність 12,4, врожай 2022, без використання сірки', 'Semi-dry white wine Horses are to blame Rowan.jpg', '2023-12-14 22:04:07', 3),
(7, '№1, Vintage 2017', 800, 'Вино натуральне купажоване напівсолодке витримане червоне «№1», Перший Вінтаж. Купаж виноматеріалу з вишні, чорної смородини, черешні, малини, напівсолодке, вміст цукрів 5,5%, міцність 13,2, врожай 2017, витримка 5 років, без використання сірки', '№1, Vintage 2017.png', '2023-12-14 22:05:00', 3),
(8, 'Підвіска Ми з України', 1560, 'Підвіска, метал: срібло, проба: 925, розмір: 45 см', 'Pendant We are from Ukraine.jpg', '2023-12-14 22:05:51', 1),
(9, 'Каблучка Живописні композиції', 3590, 'Каблучка жіноча, метал: золото, колір металу: жовтий, проба: 585, розмір: 17', 'Ring Picturesque compositions.jpg', '2023-12-14 22:06:26', 1),
(10, 'Каблучка Твоя Батьківщина', 5150, 'Каблучка жіноча, метал: золото, колір металу: червоний, проба: 585', 'Ring Your Motherland.jpg', '2023-12-14 22:07:33', 1),
(11, 'Сережки Протяжки Герб України', 1080, 'Сережки жіночі, метал: срібло, проба: 925', 'Earrings Puffs Emblem of Ukraine.jpg', '2023-12-14 22:08:00', 1),
(12, 'Браслет Ми з України', 900, 'Браслет, метал: срібло, проба: 925, розмір: 16 см', 'Bracelet We are from Ukraine.jpg', '2023-12-14 22:08:42', 1),
(13, 'Підвіс \"Мирні\"', 1600, 'Підвіс ручної роботи у вигляді пташки на мотузці. Пташка виготовлена з порцеляни, ювелірна сталь вкрита позолотою 16К/родієм, довжина шнурку — 140/150 см, орієнтовна висота пташки - 3,4 см, ширина - 4,3 см', 'Pendant Peaceful.jpg', '2023-12-14 22:10:07', 1),
(14, 'Каблучка \"Люлі \" баранець', 2500, 'Каблучка ручної роботи із порцеляни з баранцем. Каблучка виготовлена з суцільної порцеляни, висота 4-5 см', 'Ring Luli lamb.jpg', '2023-12-14 22:10:53', 1),
(15, 'Моносережка \"Полиск\" із білим маком', 1600, 'Моносережка з підвісом ручної роботи з порцеляни у вигляді квітки маку. Мак виготовлений з порцеляни, кріплення та тичинки— ювелірна сталь вкрита позолотою 16К/родієм', 'Glitter mono earring with white poppy.jpg', '2023-12-14 22:11:23', 1),
(16, 'Підвіс ДРІМОТА із золотою зіркою на ланцюжку', 3200, 'Підвіс виготовлений з порцеляни, вкритий. Розмір зірки 4 х 4 см, матеріал фурнітури – ювелірна сталь із позолотою, довжина ланцюжку 84 см (фіксована)', 'DREAM pendant with a gold star on a chain.jpg', '2023-12-14 22:12:28', 1),
(17, 'Браслет чоловічий UKRAINER', 1150, 'Браслет чоловічий з оніксу (6 мм, Тибет) та сталевої деталі з тризубом, доступний в розмірах M та L', 'UKRAINER.jpg', '2023-12-14 22:13:19', 1),
(18, 'Браслет чоловічий BRAVEUKRAINE Сірий', 1200, 'Модель BraveUkraine із натуральної шкіри з текстильним переплетінням, матові металеві елементи – срібні, доступний у розмірах M та L', 'BRAVEUKRAINE Grey.jpg', '2023-12-14 22:13:58', 1),
(19, 'Браслет чоловічий HONOUR Коричневий', 1200, 'Модель HONOUR із натуральної шкіри з текстильним переплетінням коричневого кольору, матові металеві елементи – матовий срібний, доступний у розмірах M та L', 'HONOUR Brown.jpg', '2023-12-14 22:18:16', 1),
(20, 'Чоловічий браслет \"Love God. Love Family. Love Ukraine\"', 4510, 'Браслет чоловічий, метал: золото, колір металу: червоний, проба: 585, розмір: 21', 'Men bracelet Love God. Love Family. Love Ukraine.jpg', '2023-12-14 22:18:52', 1),
(21, 'Жетон \"Герб України - Тризуб\"', 1510, 'Жетон чоловічий, метал: срібло, покриття: чорніння, проба: 925', 'Token Emblem of Ukraine - Trident.jpg', '2023-12-14 22:19:21', 1),
(22, 'Каблучка чоловіча \"Герб України - Тризуб\"', 2860, 'Каблучка чоловіча, метал: срібло, покриття: чорніння, проба: 925', 'Men ring Emblem of Ukraine - Trident.jpg', '2023-12-14 22:20:10', 1),
(23, 'Чоловіча каблучка \"Карпати\"', 2610, 'Каблучка чоловіча, метал: срібло, покриття: чорніння, проба: 925', 'Men ring Carpathians.jpg', '2023-12-14 22:20:41', 1),
(24, 'Купажоване напівсухе біле «Коні винні Виноград»', 320, 'Вино фруктове натуральне купажоване напівсухе біле «Коні винні Виноград». Купаж виноматеріалу з яблук та груш, зброджений з додаванням мезги винограду рислінгового сорту, напівсухе, цукри 9,4 г/дм3, міцність 11,1, врожай 2022, без використання сірки', 'Blended semi-dry white wine Horses are to blame for Vinograd.jpg', '2023-12-14 22:21:25', 3),
(25, 'Коктейль винний натуральний «COC-NAT Perry»', 240, '«СOC-NAT» –  cocktail naturel. До цих коктейлів, сухе яблучне вино, сухе яблучно-вишневе вино, яблучний та грушеві соки прямого віджиму існували окремо один від одного. Напівсолодкий, вміст цукрів 70 г/дм3, міцність 7%, врожай 2022, нефільтрований, пастеризований, без використання сірки', 'Natural wine cocktail COC-NAT Perry.jpg', '2023-12-14 22:23:30', 3),
(26, 'Коктейль винний натуральний «COC-NAT Cider»', 240, '«COC-NAT» –  cocktail naturel. До цих коктейлів, сухе яблучне вино, сухе яблучно-вишневе вино, яблучний та грушеві соки прямого віджиму існували окремо один від одного. Напівсолодкий, вміст цукрів 69 г/дм3, міцність 6,9%, врожай 2022, нефільтрований, пастеризований, без використання сірки', 'Natural wine cocktail COC-NAT Cider.jpg', '2023-12-14 22:23:58', 3),
(27, 'Коктейль винний натуральний «COC-NAT Cherry»', 240, '«COC-NAT» –  cocktail naturel. До цих коктейлів, сухе яблучне вино, сухе яблучно-вишневе вино, яблучний та грушеві соки прямого віджиму існували окремо один від одного. Напівсолодкий, вміст цукрів 61 г/дм3, міцність 7,3%, врожай 2022, нефільтрований, пастеризований, без використання сірки', 'Natural wine cocktail COC-NAT Cherry.jpg', '2023-12-14 22:24:27', 3),
(28, 'Значок \"Розквітай рідна\"', 149, 'Значок стане яскравим акцентом на улюблених речах - сорочках, шапках, футболках, пальто чи сумці. Виконали із металу, технологія виготовлення - лиття. Покриття - кольорова емаль, розмір - 25 * 22 мм', 'BLOOM DEAR ICON.webp', '2023-12-14 22:25:02', 2),
(29, 'Значок \"Вільна\"', 149, 'Значок стане яскравим акцентом на улюблених речах - сорочках, шапках, футболках, пальто чи сумці. Виконали із металу, технологія виготовлення - лиття. Покриття - кольорова емаль, розмір - 25 * 20 мм', 'LABEL FREE.webp', '2023-12-14 22:25:39', 2),
(30, 'Значок \"Незалежна\"', 149, 'Значок стане яскравим акцентом на улюблених речах - сорочках, шапках, футболках, пальто чи сумці. Виконали із металу, технологія виготовлення - лиття. Покриття - кольорова емаль, розмір - 35 * 7 мм', 'INDEPENDENT ICON.webp', '2023-12-14 22:26:08', 2),
(31, 'Значок \"Мрія\"', 149, 'Значок стане яскравим акцентом на улюблених речах - сорочках, шапках, футболках, пальто чи сумці. Виконали із металу, технологія виготовлення - лиття. Покриття - кольорова емаль, розмір - 25 * 14 мм', 'DREAM SIGN.webp', '2023-12-14 22:26:37', 2),
(32, 'Значок \"Home is where Ukraine\"', 149, 'Значок стане яскравим акцентом на улюблених речах - сорочках, шапках, футболках, пальто чи сумці. Виконали із металу, технологія виготовлення - лиття. Покриття - кольорова емаль, розмір - 25 * 24 мм', 'HOME IS WHERE UKRAINE IS.webp', '2023-12-14 22:27:01', 2),
(33, 'Значок \"Map of Ukraine\"', 149, 'Значок стане яскравим акцентом на улюблених речах - сорочках, шапках, футболках, пальто чи сумці. Виконали із металу, технологія виготовлення - лиття. Покриття - кольорова емаль, розмір - 25 * 18 мм', 'MAP OF UKRAINE ICON.webp', '2023-12-14 22:27:22', 2),
(34, 'Ведмедик з прапором', 370, 'В\'язана іграшка, може стати чудовим подарунком для вашої дитини і не тільки!))', 'A bear with a flag.webp', '2023-12-14 22:39:57', 4),
(35, 'Патріотична іграшка “Ми з України!”', 90, 'В\'язана іграшка, може стати чудовим подарунком для вашої дитини і не тільки!))', 'Patriotic toy We are from Ukraine!.webp', '2023-12-14 22:41:54', 4),
(36, 'Мотанка Нескорена', 2750, 'Лялька, яка символізує силу України та незламний дух її народу. Ця мотанка є оберегом роду. В руках вона тримає голуба, який символізує мир, та колоски пшениці, що уособлюють землю-годувальницю.', 'Motanka Unconquered.jpeg', '2023-12-14 22:46:49', 4),
(37, 'Мотанка На прибуток', 1990, 'Вже з самої назви зрозуміло, що ця лялька буде примножувати ваші статки, і не лише матеріальні. «Безліч» діточок символізують примноження роду. А у сумочці мотанка носить шерсть — на м’які і теплі відносини у родині, а також живе насіння — на добробут і процвітання.', 'Motanka For profit.jpg', '2023-12-14 22:49:17', 4),
(38, 'Зайці в національному вбранні', 2300, 'Якщо ви хочете поздоровити зі святом чи віддячити за допомогу і підтримку своїх друзів з-за кордону чи тут, в Україні, або потрібен етнічний подарунок з душею України, вам стануть у нагоді пара зайців в національному вбранні - Пан і Пані. Розмір-25см. Матеріали-льон, вовна, штучний шовк, бавовна, мереживо, стрічки, штучна шкіра', 'Hares in national costumes.jpg', '2023-12-14 22:55:34', 4),
(39, 'Зайка пані -господиня з хлібом-сіллю', 1200, 'Якщо ви хочете поздоровити зі святом чи віддячити за допомогу і підтримку своїх друзів з-за кордону чи тут, в Україні, або потрібен етнічний подарунок з душею України, вам стане у нагоді гостинна пані з хлібом-сіллю в яскравому вбранні, стилізованому під український старовинний одяг. Розмір-25см. Матеріали-льон,, бавовна, мереживо, стрічки. Коровай -полімерна мініатюра ручної роботи', 'A bunny hostess with bread and salt.jpg', '2023-12-14 22:59:10', 4),
(40, 'Лялька Калуш Оркестра', 300, 'Дуже гарна іграшка, зв\'язана гачком - ручна робота. Лялька Олег Псюк Калуш Оркестра 11см', 'Kalush Orchestra doll.webp', '2023-12-14 23:06:35', 4);

-- --------------------------------------------------------

--
-- Структура таблиці `orders`
--

DROP TABLE IF EXISTS `orders`;
CREATE TABLE IF NOT EXISTS `orders` (
  `id` int NOT NULL AUTO_INCREMENT,
  `city` text NOT NULL,
  `num_department` int NOT NULL,
  `phone` text NOT NULL,
  `id_user` int NOT NULL,
  `id_goods` int NOT NULL,
  `count` int NOT NULL,
  `all_price` int DEFAULT NULL,
  PRIMARY KEY (`id`)
) ENGINE=MyISAM AUTO_INCREMENT=18 DEFAULT CHARSET=utf8mb4 COLLATE=utf8mb4_0900_ai_ci;

--
-- Дамп даних таблиці `orders`
--

INSERT INTO `orders` (`id`, `city`, `num_department`, `phone`, `id_user`, `id_goods`, `count`, `all_price`) VALUES
(17, 'Житомир', 5, '23', 8, 8, 4, 6240),
(7, 'Житомир', 4, '0971924608', 5, 8, 2, 3120),
(8, 'Житомир', 5, '0971924608', 5, 9, 1, 3590),
(9, 'Житомир', 4, '+38 (068) 967-42-58', 6, 25, 5, 1200),
(10, 'Житомир', 4, '+38 (068) 967-42-58', 6, 8, 2, 3120),
(11, 'Київ', 65379, '+38 (097) 192-46-08', 6, 8, 3, 4680),
(12, 'Київ', 7, '0971924608', 6, 19, 7, 8400),
(13, 'Вінниця', 5, '0971924608', 7, 23, 2, 5220),
(14, 'Вінниця', 7, '+38 (068) 967-42-58', 7, 27, 7, 1680),
(15, 'Житомир', 4, '+38 (068) 967-42-58', 7, 1, 12, 25080),
(16, 'Вінниця', 56, '0971924608', 7, 8, 1, 1560);

-- --------------------------------------------------------

--
-- Структура таблиці `users`
--

DROP TABLE IF EXISTS `users`;
CREATE TABLE IF NOT EXISTS `users` (
  `id` int NOT NULL AUTO_INCREMENT,
  `name` text NOT NULL,
  `email` text NOT NULL,
  `password` text NOT NULL,
  PRIMARY KEY (`id`)
) ENGINE=MyISAM AUTO_INCREMENT=9 DEFAULT CHARSET=utf8mb4 COLLATE=utf8mb4_0900_ai_ci;

--
-- Дамп даних таблиці `users`
--

INSERT INTO `users` (`id`, `name`, `email`, `password`) VALUES
(1, 'Анна', 'stupakova912@gmail.com', '$2y$10$uo6uGrGJ/0kbskUCf9Ees.GlFStKzijleYZ1Vs0Cl7cfH39pQvomi'),
(3, 'Вова', 'vova@gmail.com', '$2y$10$yBeH4u91L/2L9raqMZEGYuB80DHtONMmIksZ/TamedCB10vZ7sDQ2'),
(4, 'Анничка', 'anne@gmai.com', '$2y$10$tNk7Q43jZUes//lv.PkxYu2XRrQr9pBtwCr5QaC0YtKiKis1/7tnq'),
(7, 'Олег', 'oleg@gmail.com', '$2y$10$M5mip8LoqULAFdBh5fmeo.CPU5hwLJ05EW.ptGWqiMKz8uTQY7h2C'),
(5, 'Яна', 'yana@gmail.com', '$2y$10$Jra2HYI9lD/ZAuruv1L80eYHpQfDaMmtrByr8NikQUAyzuygaRrRu'),
(6, 'Олена', 'olena@gmail.com', '$2y$10$zpkgAzGpaon33pkh4P2Vsex3y81ovLMOaVYh8hA4UPlJac80bb8DW'),
(8, 'Сергій', 'ser78@gmail.com', '$2y$10$9xygLXubIQjz7Y03NqcEK.E90DP37EILkLhuvyaod454wAyHOsVR2');
COMMIT;

/*!40101 SET CHARACTER_SET_CLIENT=@OLD_CHARACTER_SET_CLIENT */;
/*!40101 SET CHARACTER_SET_RESULTS=@OLD_CHARACTER_SET_RESULTS */;
/*!40101 SET COLLATION_CONNECTION=@OLD_COLLATION_CONNECTION */;
